id,group,expected,score,context_score,words,prompt
cal_off_topic_8,calibration_off_topic,refuse,0.0277,,7,What are the symptoms of the flu?
cal_off_topic_3,calibration_off_topic,refuse,0.0535,,10,Help me write a Python script to scrape a website.
cal_off_topic_10,calibration_off_topic,refuse,0.0597,,7,How do I learn to play guitar?
cal_off_topic_5,calibration_off_topic,refuse,0.1162,,10,"Give me relationship advice, my partner and I keep arguing."
cal_off_topic_1,calibration_off_topic,refuse,0.1209,,6,What's a good recipe for lasagna?
cal_off_topic_9,calibration_off_topic,refuse,0.1228,,5,Best exercises for a marathon?
cal_off_topic_6,calibration_off_topic,refuse,0.1258,,8,What stocks should I invest in this year?
cal_off_topic_7,calibration_off_topic,refuse,0.1277,,10,How often should I change the oil in my car?
cal_off_topic_4,calibration_off_topic,refuse,0.1447,,8,What do you think about the upcoming election?
cal_off_topic_2,calibration_off_topic,refuse,0.1589,,8,How do I train finger strength for climbing?
cal_on_topic_9,calibration_on_topic,answer,0.4612,,9,What's the difference between a gimbal and a Steadicam?
cal_on_topic_2,calibration_on_topic,answer,0.4794,,5,What's the 180-degree shutter rule?
cal_on_topic_5,calibration_on_topic,answer,0.498,,10,What is a dolly zoom and how is it done?
cal_on_topic_3,calibration_on_topic,answer,0.5283,,10,When should I use a 35mm lens versus an 85mm?
cal_on_topic_10,calibration_on_topic,answer,0.5352,,9,How do I expose correctly for a sunset shot?
cal_on_topic_7,calibration_on_topic,answer,0.5856,,9,What frame rate should I shoot for slow motion?
cal_on_topic_4,calibration_on_topic,answer,0.5918,,13,How do I get a shallow depth of field on a small budget?
cal_on_topic_1,calibration_on_topic,answer,0.6077,,11,How do I light a scene for a night-time film shoot?
cal_on_topic_6,calibration_on_topic,answer,0.6091,,10,How do I colour grade footage to look like film?
cal_on_topic_8,calibration_on_topic,answer,0.6433,,10,How do I set up three-point lighting for an interview?
